,City,Country,Lat,Long,Max Temp,Humidity,Cloudiness,Wind Speed,Current Description
0,Kholodnyy,RU,62.7167,147.95,71.49,45,81,5.59,broken clouds
1,Atuona,PF,-9.8,-139.0333,77.79,75,7,18.43,clear sky
2,Hithadhoo,MV,-0.6,73.0833,83.25,75,100,6.62,overcast clouds
3,Mizdah,LY,31.4451,12.9801,68.61,73,46,5.23,scattered clouds
4,Albany,US,42.6001,-73.9662,68.65,63,4,4.5,clear sky
5,Jamestown,US,42.097,-79.2353,65.84,55,0,9.22,clear sky
6,Mar Del Plata,AR,-38.0023,-57.5575,56.08,94,100,8.01,mist
7,Taunggyi,MM,20.7833,97.0333,67.41,88,38,2.42,scattered clouds
8,Ushuaia,AR,-54.8,-68.3,28.06,80,40,11.5,light snow
9,Atascadero,US,35.4894,-120.6707,91.2,33,1,7.0,clear sky
10,Georgetown,MY,5.4112,100.3354,84.13,83,20,4.61,moderate rain
11,Bathsheba,BB,13.2167,-59.5167,83.01,89,20,23.02,few clouds
12,Puerto Quijarro,BO,-17.7833,-57.7667,77.54,46,28,3.71,scattered clouds
13,Pevek,RU,69.7008,170.3133,32.2,97,100,17.38,snow
14,Mataura,NZ,-46.1927,168.8643,44.47,66,8,1.48,clear sky
15,Arraial Do Cabo,BR,-22.9661,-42.0278,70.88,86,0,19.66,clear sky
16,Cabo San Lucas,MX,22.8909,-109.9124,92.5,43,40,13.8,scattered clouds
17,Papetoai,PF,-17.4961,-149.8729,83.79,69,99,19.35,overcast clouds
18,Port Elizabeth,ZA,-33.918,25.5701,61.32,80,0,23.02,clear sky
19,Ust-Ilimsk,RU,58.0006,102.6619,65.75,53,52,2.89,broken clouds
20,Yar-Sale,RU,66.8333,70.8333,59.27,67,92,8.84,overcast clouds
21,Hilo,US,19.7297,-155.09,87.28,74,100,6.91,overcast clouds
22,Ippy,CF,6.2679,21.2247,69.19,97,100,3.65,overcast clouds
23,East London,ZA,-33.0153,27.9116,72.84,34,0,11.97,clear sky
24,Coquimbo,CL,-29.9533,-71.3436,53.33,100,100,2.3,light rain
25,Bilma,NE,18.6853,12.9164,87.82,32,0,7.29,clear sky
26,Bredasdorp,ZA,-34.5322,20.0403,49.89,83,0,5.1,clear sky
27,Riyadh,SA,24.6877,46.7219,84.34,14,100,9.22,overcast clouds
28,Vaini,TO,-21.2,-175.2,78.96,73,20,13.8,few clouds
29,Sao Filipe,CV,14.8961,-24.4956,74.01,84,39,8.68,scattered clouds
30,Ahuimanu,US,21.4447,-157.8378,83.91,70,75,19.57,broken clouds
31,Angoche,MZ,-16.2325,39.9086,68.63,84,3,6.06,light rain
32,Ancud,CL,-41.8697,-73.8203,45.23,87,100,11.81,light rain
33,Bubaque,GW,11.2833,-15.8333,80.08,85,100,11.99,light rain
34,Nikolskoye,RU,59.7035,30.7861,59.81,97,80,2.86,broken clouds
35,Saint George,US,37.1041,-113.5841,105.64,10,0,13.8,clear sky
36,Luderitz,NA,-26.6481,15.1594,54.34,93,33,4.99,light rain
37,Airai,TL,-8.9266,125.4092,64.35,75,70,4.16,broken clouds
38,New Norfolk,AU,-42.7826,147.0587,51.93,87,5,2.93,clear sky
39,Tuatapere,NZ,-46.1333,167.6833,44.46,64,7,3.51,clear sky
40,Verkhnevilyuysk,RU,63.4453,120.3167,59.63,96,100,2.33,light rain
41,Kahului,US,20.8947,-156.47,87.82,63,20,24.16,few clouds
42,Dikson,RU,73.5069,80.5464,33.01,91,98,7.23,overcast clouds
43,Tuktoyaktuk,CA,69.4541,-133.0374,48.2,100,100,9.22,fog
44,Mujiayingzi,CN,42.1167,118.7833,79.61,40,91,8.12,overcast clouds
45,Grand-Santi,GF,4.25,-54.3833,72.77,99,95,2.17,overcast clouds
46,Alice Springs,AU,-23.7,133.8833,53.15,43,0,18.41,clear sky
47,Lensk,RU,60.7253,114.9278,58.28,98,100,3.02,light rain
48,Castro,BR,-24.7911,-50.0119,54.95,83,19,3.83,few clouds
49,Rikitea,PF,-23.1203,-134.9692,73.67,80,16,12.06,moderate rain
50,Eatonton,US,33.3268,-83.3885,79.09,90,58,5.21,broken clouds
51,Saint-Georges,GD,12.0564,-61.7485,80.28,89,20,11.5,few clouds
52,Grand Gaube,MU,-20.0064,57.6608,68.4,75,23,10.0,few clouds
53,Thompson,CA,55.7435,-97.8558,71.76,78,100,3.44,thunderstorm
54,Las Vegas,US,36.175,-115.1372,108.84,7,0,17.27,clear sky
55,Nara,JP,34.6851,135.8049,86.5,55,52,1.72,broken clouds
56,Hinton,CA,53.4001,-117.5857,64.54,47,100,6.13,overcast clouds
57,Presidencia Roque Saenz Pena,AR,-26.7852,-60.4388,74.1,42,100,8.25,overcast clouds
58,Bluff,NZ,-46.6,168.3333,44.8,68,55,4.29,broken clouds
59,Santa Isabel,BR,-23.3156,-46.2214,61.9,89,46,1.63,scattered clouds
60,Ribeira Grande,PT,38.5167,-28.7,68.14,77,98,10.56,overcast clouds
61,Tura,IN,25.5198,90.2201,78.78,85,16,4.12,few clouds
62,Cidreira,BR,-30.1811,-50.2056,62.26,93,26,14.32,scattered clouds
63,Mantua,IT,45.1667,10.7833,70.84,73,36,1.99,scattered clouds
64,Nurota,UZ,40.5614,65.6886,72.23,26,0,6.8,clear sky
65,Chuy,UY,-33.6971,-53.4616,61.25,93,75,15.93,broken clouds
66,Buala,SB,-8.145,159.5921,84.65,67,16,6.82,few clouds
67,Kamenka,RU,51.3223,42.7678,69.57,44,85,9.86,overcast clouds
68,San Patricio,US,28.017,-97.5169,91.18,57,96,15.21,overcast clouds
69,Paamiut,GL,61.994,-49.6678,39.99,95,29,15.5,scattered clouds
70,Punta Arenas,CL,-53.15,-70.9167,26.71,74,20,11.5,few clouds
71,Victor Harbor,AU,-35.5667,138.6167,53.01,68,100,1.01,overcast clouds
72,Kungurtug,RU,50.5994,97.5228,59.52,60,100,1.28,overcast clouds
73,Chester,US,40.1254,-75.8749,70.61,93,20,0.0,few clouds
74,Husavik,IS,66.0449,-17.3389,52.9,84,95,6.42,overcast clouds
75,Lebu,CL,-37.6167,-73.65,48.78,85,53,12.21,broken clouds
76,Shimoda,JP,34.6667,138.95,81.1,88,100,4.83,light rain
77,Butaritari,KI,3.0707,172.7902,81.9,78,37,12.21,scattered clouds
78,Port Alfred,ZA,-33.5906,26.891,62.19,76,3,7.0,clear sky
79,Busselton,AU,-33.65,115.3333,56.57,63,87,14.61,overcast clouds
80,San Quintin,MX,30.4833,-115.95,70.68,73,11,15.9,few clouds
81,Wanning,CN,18.8003,110.3967,82.56,85,93,4.41,overcast clouds
82,Clyde River,CA,70.4692,-68.5914,41.23,75,0,8.05,clear sky
83,Yellowknife,CA,62.456,-114.3525,73.92,56,75,3.44,broken clouds
84,Marawi,PH,7.9986,124.2928,77.22,75,96,6.82,overcast clouds
85,Kaitangata,NZ,-46.2817,169.8464,44.65,65,8,4.47,clear sky
86,La Ronge,CA,55.1001,-105.2842,79.05,31,40,8.05,scattered clouds
87,Tautira,PF,-17.7333,-149.15,76.84,73,93,16.89,overcast clouds
88,Atambua,ID,-9.1061,124.8925,77.23,67,22,4.29,few clouds
89,Itarema,BR,-2.9248,-39.9167,78.37,78,93,12.62,overcast clouds
90,Saskylakh,RU,71.9167,114.0833,51.3,72,100,6.78,overcast clouds
91,Cooma,AU,-36.2333,149.1333,44.37,93,100,9.22,overcast clouds
92,Puerto Ayora,EC,-0.7393,-90.3518,71.55,90,98,5.01,overcast clouds
93,Hirara,JP,24.8,125.2833,87.66,79,75,12.66,broken clouds
94,Hobart,AU,-42.8794,147.3294,52.27,76,75,6.91,broken clouds
95,Esperance,AU,-33.8667,121.9,57.94,67,6,22.75,clear sky
96,Sitka,US,57.0531,-135.33,57.09,82,100,6.91,light rain
97,Cherskiy,RU,68.75,161.3,49.21,53,96,12.57,overcast clouds
98,Kirn,DE,49.7833,7.45,58.62,89,12,5.41,few clouds
99,Buraydah,SA,26.326,43.975,82.85,8,52,8.5,broken clouds
100,Deming,US,32.2687,-107.7586,87.69,30,75,8.05,broken clouds
101,Kapaa,US,22.0752,-159.319,84.52,72,40,16.11,scattered clouds
102,Champerico,GT,14.3,-91.9167,82.31,76,55,5.37,broken clouds
103,Flin Flon,CA,54.7682,-101.865,72.25,65,2,7.38,clear sky
104,Yarensk,RU,62.1675,49.0916,61.95,67,83,2.39,broken clouds
105,Tawau,MY,4.2498,117.8871,75.33,82,100,2.24,overcast clouds
106,Flinders,AU,-34.5833,150.8552,59.18,84,69,7.0,broken clouds
107,Zmeinogorsk,RU,51.1567,82.195,61.77,80,80,2.37,broken clouds
108,Weihe,CN,32.9952,105.3247,74.97,88,77,4.41,broken clouds
109,Pochutla,MX,15.7432,-96.4661,83.82,88,8,3.33,clear sky
110,Bongandanga,CD,1.5,21.05,71.4,86,42,2.48,scattered clouds
111,Saint-Philippe,RE,-21.3585,55.7679,67.59,74,64,14.14,broken clouds
112,Dauphin,CA,51.1494,-100.0502,84.34,51,0,9.22,clear sky
113,Barrow,US,71.2906,-156.7887,55.42,71,0,11.5,clear sky
114,Sterling,US,39.0062,-77.4286,70.36,93,100,3.44,overcast clouds
115,Ulkan,RU,57.243,107.3223,61.41,76,100,5.79,overcast clouds
116,Bethel,US,41.3712,-73.414,73.71,57,0,4.61,clear sky
117,Avarua,CK,-21.2078,-159.775,77.05,53,20,11.5,few clouds
118,Kavaratti,IN,10.5669,72.642,81.09,81,100,22.68,overcast clouds
119,Mattru,SL,7.6244,-11.8332,72.99,98,100,3.47,moderate rain
120,Margate,GB,51.3813,1.3862,57.69,88,0,5.21,clear sky
121,Tiksi,RU,71.6872,128.8694,56.28,51,100,8.19,overcast clouds
122,Kyren,RU,51.6828,102.1408,60.85,71,66,4.0,broken clouds
123,Agirish,RU,61.9247,63.0231,66.94,64,68,2.28,broken clouds
124,Cabatuan,PH,10.8794,122.486,81.12,84,61,10.74,broken clouds
125,Te Anau,NZ,-45.4167,167.7167,40.82,73,38,2.89,scattered clouds
126,Uchiza,PE,-8.4592,-76.4633,72.25,85,76,2.28,broken clouds
127,Klaksvik,FO,62.2266,-6.589,52.72,97,100,5.86,light rain
128,Poum,NC,-20.2333,164.0167,78.55,83,93,21.79,light rain
129,Qaanaaq,GL,77.484,-69.3632,42.71,79,9,2.35,clear sky
130,Ponte De Sor,PT,39.2496,-8.0101,74.68,46,0,5.3,clear sky
131,Shache,CN,38.4167,77.2406,77.31,28,100,19.71,overcast clouds
132,Bhopal,IN,23.2667,77.4,71.83,100,75,6.91,haze
133,Ipameri,BR,-17.7219,-48.1597,64.27,57,5,6.58,clear sky
134,Kununurra,AU,-15.7667,128.7333,69.78,30,0,17.27,clear sky
135,Haines Junction,CA,60.7522,-137.5108,67.95,40,41,12.66,scattered clouds
136,Kavieng,PG,-2.5744,150.7967,84.52,64,50,12.1,scattered clouds
137,Alekseyevka,RU,50.6309,38.6903,67.68,50,40,7.72,scattered clouds
138,Gilgit,PK,35.9221,74.3087,79.61,64,5,5.73,clear sky
139,Hermanus,ZA,-34.4187,19.2345,47.8,82,26,7.94,scattered clouds
140,Bayan,CN,46.0833,127.4,76.44,58,6,9.33,clear sky
141,Hokitika,NZ,-42.7167,170.9667,46.81,66,100,8.32,overcast clouds
142,Baykalsk,RU,51.5058,104.1469,56.8,70,99,1.28,light rain
143,Guerrero Negro,MX,27.9769,-114.0611,72.28,69,15,19.69,few clouds
144,Vanimo,PG,-2.6741,141.3028,81.9,79,97,5.06,light rain
145,Gat,IL,31.61,34.7642,75.4,100,3,3.91,clear sky
146,Mecca,SA,21.4267,39.8261,85.44,22,94,4.56,overcast clouds
147,Merauke,ID,-8.4667,140.3333,80.96,77,63,15.64,broken clouds
148,Krasnovishersk,RU,60.4078,57.082,63.36,96,45,1.14,scattered clouds
149,Mayo,US,38.8876,-76.5119,72.03,92,100,0.0,overcast clouds
150,Grindavik,IS,63.8424,-22.4338,49.95,100,100,18.41,light intensity drizzle
151,Rawson,AR,-43.3002,-65.1023,47.62,61,100,4.92,overcast clouds
152,Taoudenni,ML,22.6783,-3.9836,99.99,7,56,8.39,broken clouds
153,Artyom,AZ,40.4723,50.333,66.34,64,0,3.62,clear sky
154,Alofi,NU,-19.0595,-169.9187,78.69,73,92,24.16,overcast clouds
155,Magadan,RU,59.5667,150.8,85.53,77,50,5.03,scattered clouds
156,Ljubovija,RS,44.1894,19.3767,60.98,65,88,3.42,overcast clouds
157,Dargaville,NZ,-35.9333,173.8833,64.62,63,24,6.33,few clouds
158,Vardo,NO,70.3705,31.1107,48.18,93,29,4.61,scattered clouds
159,Carnarvon,AU,-24.8667,113.6333,66.72,82,100,19.37,overcast clouds
160,Maniitsoq,GL,65.4167,-52.9,39.94,91,100,6.93,overcast clouds
161,Jiaozhou,CN,36.2839,120.0033,80.56,65,15,8.1,light rain
162,Svetlogorsk,BY,52.6333,29.7333,55.67,96,100,6.22,overcast clouds
163,Ballina,AU,-28.8667,153.5667,60.01,67,4,8.77,clear sky
164,Vengerovo,RU,55.6848,76.7471,66.43,80,14,6.22,few clouds
165,Bangkalan,ID,-7.0455,112.7351,78.75,76,12,4.43,few clouds
166,Tasiilaq,GL,65.6145,-37.6368,44.76,74,100,1.59,overcast clouds
167,Hervey Bay,AU,-25.2986,152.8535,59.52,65,30,11.97,scattered clouds
168,Luganville,VU,-15.5333,167.1667,82.4,72,39,9.78,scattered clouds
169,Gamba,GA,-2.65,10.0,68.07,93,49,5.57,scattered clouds
170,Bures-Sur-Yvette,FR,48.6998,2.1706,63.81,68,0,12.66,clear sky
171,Talaya,RU,61.3833,152.75,73.78,44,99,2.33,overcast clouds
172,Sevilla,ES,37.3824,-5.9761,82.51,42,0,6.91,clear sky
173,Geraldton,AU,-28.7667,114.6,64.81,63,40,6.91,scattered clouds
174,Vila Velha,BR,-20.3297,-40.2925,65.95,95,20,2.3,few clouds
175,Ratzeburg,DE,53.7,10.7667,56.41,82,75,8.05,broken clouds
176,Jumla,NP,29.2747,82.1838,61.72,86,100,1.45,overcast clouds
177,Nome,US,64.5011,-165.4064,73.17,58,0,19.57,clear sky
178,Koumac,NC,-20.5667,164.2833,81.79,68,98,7.31,overcast clouds
179,Kirensk,RU,57.7853,108.1119,63.5,64,100,5.91,overcast clouds
180,Miandoab,IR,36.9694,46.1027,71.98,40,0,3.67,clear sky
181,Chokurdakh,RU,70.6333,147.9167,62.17,35,0,9.13,clear sky
182,Constitucion,CL,-35.3333,-72.4167,51.33,85,100,9.73,overcast clouds
183,Bahar,IR,34.9072,48.4414,59.16,36,0,2.3,clear sky
184,Longyearbyen,SJ,78.2186,15.6401,42.64,75,75,12.66,broken clouds
185,Khatanga,RU,71.9667,102.5,48.2,87,100,3.27,overcast clouds
186,Narsaq,GL,60.9167,-46.05,48.42,93,30,2.08,scattered clouds
187,Moron,AR,-34.6534,-58.6198,64.96,93,1,9.28,clear sky
188,Sept-Iles,CA,50.2001,-66.3821,62.06,54,75,6.91,broken clouds
189,Hastings,GB,50.8552,0.5729,59.79,94,0,6.76,clear sky
190,Lexington,US,37.9887,-84.4777,72.72,85,0,4.61,clear sky
191,Potsdam,DE,52.3989,13.0657,58.1,71,100,10.38,overcast clouds
192,Talcahuano,CL,-36.7167,-73.1167,47.88,81,40,4.61,scattered clouds
193,Anjozorobe,MG,-18.4,47.8667,51.78,92,82,13.87,broken clouds
194,Cape Town,ZA,-33.9258,18.4232,57.38,88,75,8.05,light rain
195,Khani,GE,41.9563,42.9566,56.77,72,2,7.67,clear sky
196,Nianzishan,CN,47.5167,122.8833,79.57,40,99,2.73,overcast clouds
197,Hofn,IS,64.2539,-15.2082,49.68,94,100,8.21,overcast clouds
198,Banda Aceh,ID,5.5577,95.3222,83.61,70,100,13.35,overcast clouds
199,Vallenar,CL,-28.5708,-70.7581,54.55,66,84,1.07,broken clouds
200,Bom Jesus,BR,-9.0744,-44.3586,67.01,38,3,2.89,clear sky
201,Belmonte,BR,-15.8631,-38.8828,71.4,82,9,6.78,clear sky
202,Norman Wells,CA,65.282,-126.8329,80.64,36,75,12.66,smoke
203,Kaeo,NZ,-35.1,173.7833,65.32,89,100,4.74,overcast clouds
204,Redwater,US,33.3582,-94.2544,91.69,51,0,4.59,clear sky
205,Timra,SE,62.487,17.3257,52.68,93,100,8.05,overcast clouds
206,Port Macquarie,AU,-31.4333,152.9167,60.48,60,2,11.7,clear sky
207,Armash,AM,39.7653,44.809,71.35,50,2,3.74,clear sky
208,Ostrovnoy,RU,68.0531,39.5131,48.09,87,74,4.52,broken clouds
209,Alta Floresta,BR,-9.8756,-56.0861,78.31,47,74,2.44,broken clouds
210,Upernavik,GL,72.7868,-56.1549,39.34,87,14,5.46,few clouds
211,Hobyo,SO,5.3505,48.5268,76.08,74,99,24.67,overcast clouds
212,Havre-Saint-Pierre,CA,50.2334,-63.5986,59.36,67,100,10.36,overcast clouds
213,Beringovskiy,RU,63.05,179.3167,48.36,92,100,7.81,moderate rain
214,Mount Gambier,AU,-37.8333,140.7667,52.63,64,100,8.7,overcast clouds
215,Rapid City,US,44.0805,-103.231,93.45,36,0,3.44,clear sky
216,Concarneau,FR,47.875,-3.9225,63.39,79,0,12.01,clear sky
217,Ust-Kuyga,RU,70.0167,135.6,66.2,40,99,14.38,overcast clouds
218,Bahia Honda,CU,22.9036,-83.1592,79.74,78,2,0.6,light rain
219,Nevelsk,RU,46.6733,141.8633,71.55,76,33,12.3,scattered clouds
220,Gol,NO,60.7014,8.9457,54.95,85,16,3.22,few clouds
221,Ubaitaba,BR,-14.3125,-39.3233,64.11,98,11,2.46,few clouds
222,Abnub,EG,27.2696,31.1511,81.09,33,6,6.29,clear sky
223,Mahebourg,MU,-20.4081,57.7,68.29,73,40,16.11,scattered clouds
224,Taganak,PH,6.0833,118.3,86.14,76,100,5.23,overcast clouds
225,Sobolevo,RU,54.4299,31.8996,57.88,95,100,2.84,overcast clouds
226,Touros,BR,-5.1989,-35.4608,75.88,84,21,11.03,few clouds
227,Muscle Shoals,US,34.7448,-87.6675,77.14,93,40,3.44,scattered clouds
228,Harper,LR,4.375,-7.7169,75.88,75,100,8.99,overcast clouds
229,Zyryanka,RU,65.75,150.85,65.77,48,13,8.16,few clouds
230,Altamira,BR,-3.2033,-52.2064,73.78,76,17,1.59,few clouds
231,Fujin,CN,47.26,132.0322,79.0,55,0,7.38,clear sky
232,Canto Do Buriti,BR,-8.11,-42.9444,69.94,50,0,2.51,clear sky
233,Ponta Do Sol,PT,32.6667,-17.1,75.13,41,2,2.51,clear sky
234,Siderno,IT,38.2779,16.302,70.34,71,0,3.42,clear sky
235,Mishkino,RU,55.3389,63.9175,67.93,76,83,4.36,broken clouds
236,Smidovich,RU,48.6,133.8167,74.26,80,92,11.32,overcast clouds
237,Nador,MA,35.174,-2.9287,71.85,83,0,0.0,clear sky
238,Saldanha,ZA,-33.0117,17.9442,55.45,95,100,12.35,moderate rain
239,Souillac,MU,-20.5167,57.5167,68.38,73,40,16.11,light rain
240,Serov,RU,59.6033,60.5787,68.58,80,31,1.92,scattered clouds
241,Tres Arroyos,AR,-38.3739,-60.2798,53.6,88,100,4.25,overcast clouds
242,Sedro-Woolley,US,48.5039,-122.2361,72.39,64,0,1.99,clear sky
243,Agadez,NE,19.75,10.25,85.33,12,3,5.26,clear sky
244,Meulaboh,ID,4.1363,96.1285,79.88,73,98,3.27,overcast clouds
245,Irmo,US,34.086,-81.1832,82.26,67,40,5.75,scattered clouds
246,Toktogul,KG,41.8708,72.9402,69.31,43,1,0.43,clear sky
247,San Juan,AR,-31.5375,-68.5364,61.77,12,75,6.13,broken clouds
248,Port Lincoln,AU,-34.7333,135.8667,54.39,62,100,17.69,overcast clouds
249,Fairbanks,US,64.8378,-147.7164,74.23,62,100,4.61,haze
250,General Delgado,PY,-27.1667,-56.5167,70.56,61,81,11.77,broken clouds
251,Pangoa,PE,-12.1167,-73.0,69.4,79,7,2.08,clear sky
252,Dzhida,RU,50.6772,106.1806,70.09,41,100,2.1,overcast clouds
253,Khowst,AF,33.3833,69.8833,77.65,67,11,3.31,few clouds
254,Anahuac,MX,27.2333,-100.15,94.86,26,8,9.73,clear sky
255,Alyangula,AU,-13.8483,136.4192,73.53,60,8,13.82,clear sky
256,Bozhou,CN,33.8772,115.7703,90.45,66,67,10.11,broken clouds
257,Sioux Lookout,CA,50.1001,-91.917,73.47,53,75,3.44,broken clouds
258,Gigmoto,PH,13.7796,124.39,85.62,72,92,2.37,overcast clouds
259,Payakumbuh,ID,-0.2202,100.6308,78.82,66,73,3.13,broken clouds
260,Sao Joao Da Barra,BR,-21.6403,-41.0511,71.67,82,15,16.02,few clouds
261,Chumphon,TH,10.3333,98.8333,73.63,93,100,9.28,light rain
262,Inhambane,MZ,-23.865,35.3833,64.49,81,0,6.29,clear sky
263,Salinopolis,BR,-0.6136,-47.3561,77.07,86,100,8.3,overcast clouds
264,Saryozek,KZ,44.3583,77.9753,73.74,29,4,3.65,clear sky
265,Kalangala,UG,-0.3089,32.225,69.15,69,59,6.89,light rain
266,Evensk,RU,61.95,159.2333,68.36,53,8,5.53,clear sky
267,Mitsamiouli,KM,-11.3847,43.2844,76.01,66,0,13.35,clear sky
268,Nhulunbuy,AU,-12.2333,136.7667,77.61,65,75,16.11,broken clouds
269,Bridlington,GB,54.0831,-0.1919,57.88,83,7,7.25,clear sky
270,Avera,US,33.194,-82.5271,78.85,77,83,7.07,broken clouds
271,Gushikawa,JP,26.3544,127.8686,87.8,84,40,11.5,scattered clouds
272,Vostok,RU,46.4856,135.8833,76.93,53,96,2.15,overcast clouds
273,Port Hardy,CA,50.6996,-127.4199,60.98,88,100,6.91,overcast clouds
274,Bowen,AU,-20.0167,148.2333,64.74,48,0,5.06,clear sky
275,Isangel,VU,-19.55,169.2667,81.09,67,36,12.44,scattered clouds
276,Swellendam,ZA,-34.0226,20.4417,51.67,75,0,5.19,clear sky
277,Provideniya,RU,64.3833,-173.3,49.62,89,100,11.79,overcast clouds
278,Port Blair,IN,11.6667,92.75,82.02,81,100,21.65,overcast clouds
279,Hwange,ZW,-18.3693,26.5019,55.63,65,0,2.01,clear sky
280,Pandan,PH,14.0453,124.1694,85.32,71,45,1.1,scattered clouds
281,Kodiak,US,57.79,-152.4072,54.91,82,100,12.66,overcast clouds
282,Jalu,LY,29.0331,21.5482,75.83,56,0,11.81,clear sky
283,Bull Savanna,JM,17.8868,-77.5902,77.05,77,100,9.69,overcast clouds
284,Bocas Del Toro,PA,9.3333,-82.25,79.86,84,100,10.0,overcast clouds
285,Panorama,GR,40.5878,23.0315,65.73,73,20,8.05,few clouds
286,Lisakovsk,KZ,52.5369,62.4936,68.13,66,55,5.08,broken clouds
287,Zhanakorgan,KZ,43.9098,67.2495,80.56,31,0,8.63,clear sky
288,Pangkalanbuun,ID,-2.6833,111.6167,83.86,69,27,4.72,scattered clouds
289,Dubbo,AU,-32.25,148.6167,48.33,76,100,12.66,overcast clouds
290,Los Llanos De Aridane,ES,28.6585,-17.9182,65.95,94,0,20.71,clear sky
291,Barcelos,PT,41.5388,-8.6151,74.84,54,17,2.13,few clouds
292,Humaita,BR,-7.5061,-63.0208,77.04,66,44,1.25,scattered clouds
293,Puerto Escondido,MX,15.85,-97.0667,83.23,69,75,6.91,broken clouds
294,Rioja,AR,-29.4111,-66.8507,67.46,12,0,6.24,clear sky
295,Gboko,NG,7.3179,8.9951,72.54,93,100,10.02,overcast clouds
296,Russell,US,32.3502,-85.1999,76.96,94,0,0.0,clear sky
297,Barmer,IN,25.75,71.3833,81.45,79,100,11.59,light rain
298,Lavrentiya,RU,65.5833,-171.0,51.58,79,100,11.7,overcast clouds
299,Victoria,HK,22.2855,114.1577,90.97,72,50,10.0,scattered clouds
300,Jawhar,SO,2.7809,45.5005,72.48,80,100,16.08,overcast clouds
301,Olafsvik,IS,64.8945,-23.7142,51.03,93,100,16.75,overcast clouds
302,Qui Nhon,VN,13.7667,109.2333,84.87,68,98,6.91,light rain
303,Tulle,FR,45.3333,1.8333,59.99,59,0,6.22,clear sky
304,Deputatskiy,RU,69.3,139.9,58.12,48,81,8.5,broken clouds
305,Agaro,ET,7.85,36.65,59.99,98,100,1.66,overcast clouds
306,Agadir,MA,30.4202,-9.5982,77.45,28,1,5.79,clear sky
307,Padang,ID,-0.9492,100.3543,75.25,74,91,0.72,overcast clouds
308,Berlevag,NO,70.8578,29.0864,55.4,76,100,1.14,overcast clouds
309,Alugan,PH,12.2188,125.4808,86.61,64,58,3.06,broken clouds
310,Cap Malheureux,MU,-19.9842,57.6142,66.47,75,46,11.01,scattered clouds
311,Namatanai,PG,-3.6667,152.4333,84.85,64,16,7.56,few clouds
312,Muros,ES,42.7762,-9.0603,65.84,84,71,2.89,broken clouds
313,Shenjiamen,CN,29.9576,122.298,81.52,83,66,9.28,broken clouds
314,Puerto Del Rosario,ES,28.5004,-13.8627,87.55,25,0,13.8,clear sky
315,Comodoro Rivadavia,AR,-45.8667,-67.5,46.26,81,100,13.8,light rain
316,Dhule,IN,20.9,74.7833,76.77,82,100,13.76,moderate rain
317,Lujan,AR,-34.5703,-59.105,64.13,88,5,10.85,clear sky
318,Kitimat,CA,54.0524,-128.6534,62.98,98,100,1.99,light rain
319,Iida,JP,35.5197,137.8207,73.04,95,100,3.0,overcast clouds
320,Shirgaon,IN,19.7,72.7,80.85,84,100,16.6,moderate rain
321,Caravelas,BR,-17.7125,-39.2481,70.12,84,2,6.17,clear sky
322,Makushino,RU,55.2103,67.2442,68.16,72,97,4.54,overcast clouds
323,Dhidhdhoo,MV,6.8833,73.1,81.37,81,95,18.16,overcast clouds
324,Osakarovka,KZ,50.565,72.5692,60.89,85,99,6.89,overcast clouds
325,Severo-Kurilsk,RU,50.6789,156.125,60.35,81,98,11.99,overcast clouds
326,Joshimath,IN,30.5667,79.5667,69.48,98,100,2.57,overcast clouds
327,Jeremie,HT,18.65,-74.1167,80.98,73,100,1.45,overcast clouds
328,Newport,GB,51.5877,-2.9984,63.14,72,0,8.68,clear sky
329,Parana,AR,-31.732,-60.5238,74.55,71,0,12.59,clear sky
330,Biak,ID,-0.9131,122.8766,78.13,86,95,5.46,overcast clouds
331,Fortuna,US,40.5982,-124.1573,68.86,76,40,5.99,scattered clouds
332,Roros,NO,62.5747,11.3842,44.44,87,100,10.36,overcast clouds
333,Marica,BR,-22.9194,-42.8186,71.51,90,6,7.61,clear sky
334,Yumen,CN,40.2833,97.2,83.01,21,96,6.29,overcast clouds
335,Codrington,AU,-38.2667,141.9667,54.61,66,9,8.48,clear sky
336,Puerto Carreno,CO,6.189,-67.4859,75.51,91,43,5.03,scattered clouds
337,Elizabeth City,US,36.2946,-76.2511,78.82,93,75,0.0,broken clouds
338,Puerto Suarez,BO,-18.95,-57.8,75.61,46,0,3.65,clear sky
339,Labuhan,ID,-6.8844,112.2051,79.81,72,7,6.46,clear sky
340,Sanandaj,IR,35.3144,46.9923,75.22,22,0,6.91,clear sky
341,Asau,RO,46.4333,26.4,63.95,80,92,3.27,overcast clouds
342,Antalaha,MG,-14.9003,50.2788,67.55,90,90,10.63,light rain
343,Maymyo,MM,22.0333,96.4667,74.3,80,33,0.58,moderate rain
344,Broome,US,42.2506,-75.833,64.78,64,0,9.22,clear sky
345,Stokmarknes,NO,68.5646,14.9108,46.38,93,55,2.3,broken clouds
346,San Gabriel,US,34.0961,-118.1058,94.64,40,0,10.36,clear sky
347,Huarmey,PE,-10.0681,-78.1522,62.06,87,15,9.69,few clouds
348,Salur,IN,18.5333,83.2167,81.07,77,96,1.95,overcast clouds
349,Guayaramerin,BO,-10.8368,-65.3614,77.76,55,32,0.49,scattered clouds
350,Sambava,MG,-14.2667,50.1667,68.95,85,71,12.1,light rain
351,Dunedin,NZ,-45.8742,170.5036,45.52,62,7,3.49,clear sky
352,Kudahuvadhoo,MV,2.6708,72.8944,82.13,74,93,13.51,overcast clouds
353,Barabai,ID,-2.5833,115.3833,83.21,72,83,0.38,broken clouds
354,Saint-Joseph,RE,-21.3667,55.6167,66.58,71,45,14.74,scattered clouds
355,Ixtapa,MX,20.7,-105.2,85.23,74,100,9.22,overcast clouds
356,Terenos,BR,-20.4422,-54.8603,76.71,46,0,9.22,clear sky
357,Salalah,OM,17.0151,54.0924,77.09,94,100,8.05,light rain
358,Gold Coast,AU,-28.0,153.4333,68.77,67,12,12.66,few clouds
359,Ballarat,AU,-37.5662,143.8496,52.93,55,0,6.91,clear sky
360,Gornopravdinsk,RU,60.05,69.9,74.84,67,10,2.51,clear sky
361,Sompeta,IN,18.9333,84.6,82.17,80,90,3.96,overcast clouds
362,Seoul,KR,37.5683,126.9778,87.19,68,40,2.3,haze
363,Sharan,RU,54.8167,54.0,67.39,77,29,1.92,scattered clouds
364,Torbay,CA,47.6666,-52.7314,57.27,88,40,9.22,scattered clouds
365,Hadejia,NG,12.4498,10.0444,79.68,66,89,15.39,light rain
366,Ust-Maya,RU,60.4167,134.5333,84.9,46,100,10.89,overcast clouds
367,Ketchikan,US,55.3422,-131.6461,57.67,94,100,11.5,moderate rain
368,Ilulissat,GL,69.2167,-51.1,50.02,57,98,4.61,overcast clouds
369,Peleduy,RU,59.6289,112.7406,58.37,97,100,4.29,light rain
370,Leningradskiy,RU,69.3833,178.4167,35.87,92,100,7.99,light rain
371,Takoradi,GH,4.8845,-1.7554,75.34,85,100,8.61,overcast clouds
372,Pachalum,GT,14.9247,-90.6628,74.62,95,33,2.82,scattered clouds
373,Carbondale,US,37.7273,-89.2168,75.2,85,100,9.22,overcast clouds
374,Piet Retief,ZA,-27.0071,30.8132,42.35,78,0,5.23,clear sky
375,Lorengau,PG,-2.0226,147.2712,84.87,67,87,12.06,overcast clouds
376,Vieux Fort,LC,13.7167,-60.95,81.72,78,40,19.57,scattered clouds
377,Lodwar,KE,3.1191,35.5973,78.76,44,99,12.28,overcast clouds
378,Ahipara,NZ,-35.1667,173.1667,63.19,71,100,5.64,overcast clouds
379,Kamaishi,JP,39.2667,141.8833,79.43,72,98,5.12,light rain
380,Praia Da Vitoria,PT,38.7333,-27.0667,66.76,94,75,7.96,broken clouds
381,Mata,PT,40.683,-7.4592,70.75,30,0,4.7,clear sky
382,Debre Sina,ET,9.85,39.7667,53.6,84,100,6.33,overcast clouds
383,Raton,US,36.9034,-104.4391,84.54,47,0,14.97,clear sky
384,Kokopo,PG,-4.352,152.2633,85.6,54,9,8.39,clear sky
385,Jiangyou,CN,31.7667,104.7167,85.77,70,60,3.62,broken clouds
386,Qandala,SO,11.472,49.8728,85.96,48,99,26.19,overcast clouds
387,Boende,CD,-0.2167,20.8667,72.57,81,62,1.63,broken clouds
388,Baykit,RU,61.67,96.37,67.89,82,94,7.65,overcast clouds
389,Porto Belo,BR,-27.1578,-48.5531,63.25,95,48,5.3,scattered clouds
390,Hammonton,US,39.6365,-74.8024,71.44,95,100,1.34,overcast clouds
391,Quang Ngai,VN,15.1167,108.8,76.82,93,100,5.06,moderate rain
392,Solnechnyy,RU,50.7214,136.6319,70.86,90,100,6.71,overcast clouds
393,Atasu,KZ,48.6814,71.6433,64.85,62,17,11.43,few clouds
394,Vitim,RU,59.4511,112.5578,58.95,96,100,4.81,light rain
395,Andenes,NO,69.3143,16.1194,53.92,93,20,6.91,few clouds
396,Havoysund,NO,70.9963,24.6622,52.03,80,46,6.04,scattered clouds
397,Bengkulu,ID,-3.8004,102.2655,80.06,72,97,4.43,overcast clouds
398,Vestmannaeyjar,IS,63.4427,-20.2734,52.09,89,100,16.22,overcast clouds
399,Ladario,BR,-19.0047,-57.6017,74.97,46,0,2.3,clear sky
400,Komsomolskiy,UZ,40.4272,71.7189,75.92,31,46,4.61,scattered clouds
401,Pilar,BR,-9.5972,-35.9567,71.53,92,73,9.89,broken clouds
402,Korem,ET,12.5058,39.5228,55.49,84,100,6.38,moderate rain
403,Faanui,PF,-16.4833,-151.75,78.01,73,64,19.01,broken clouds
404,Motygino,RU,58.1831,94.7592,63.99,79,100,2.93,overcast clouds
405,Jaguey Grande,CU,22.5269,-81.1286,77.43,85,82,2.66,moderate rain
406,Talnakh,RU,69.4865,88.3972,47.21,66,39,16.53,scattered clouds
407,Yacuiba,BO,-22.038,-63.6797,68.72,67,18,2.86,few clouds
408,Daan,CN,33.0558,106.2958,89.24,55,69,2.86,broken clouds
409,Tigil,RU,57.8,158.6667,77.99,58,0,6.67,clear sky
410,Abu Dhabi,AE,24.4667,54.3667,93.22,66,0,4.61,clear sky
411,Nanortalik,GL,60.1432,-45.2371,41.2,94,60,8.46,broken clouds
412,Shuangcheng,CN,45.35,126.2833,78.48,51,7,12.46,clear sky
413,Hit,IQ,33.6416,42.8251,86.99,29,0,17.85,clear sky
414,Novovarshavka,RU,54.1721,74.6946,71.62,69,45,7.61,scattered clouds
415,Adrar,MR,20.5022,-10.0711,95.94,16,1,8.84,clear sky
416,Sabha,LY,27.0377,14.4283,81.77,42,8,15.39,clear sky
417,Mogadishu,SO,2.0371,45.3438,75.58,81,100,19.22,overcast clouds
418,Imeni Babushkina,RU,59.7573,43.1285,60.15,76,100,4.56,overcast clouds
419,Thinadhoo,MV,0.5333,72.9333,82.89,75,94,10.2,overcast clouds
420,Road Town,VG,18.4167,-64.6167,82.49,89,40,10.36,scattered clouds
421,Davidson,US,36.1501,-86.7833,81.55,80,75,4.0,broken clouds
422,Makakilo City,US,21.3469,-158.0858,84.52,57,100,19.57,overcast clouds
423,Mayumba,GA,-3.432,10.6554,67.87,91,78,4.47,broken clouds
424,Teeli,RU,51.0333,90.2333,63.7,61,67,0.25,broken clouds
425,Maarianhamina,AX,60.0973,19.9348,44.46,100,9,1.14,clear sky
426,Katsuura,JP,35.1333,140.3,78.33,81,90,11.7,overcast clouds
427,Altay,CN,47.8667,88.1167,65.8,53,55,3.69,broken clouds
428,Raga,SS,8.4596,25.678,68.92,94,100,3.24,light rain
429,Bambous Virieux,MU,-20.3428,57.7575,68.25,73,40,16.11,light rain
430,Ginir,ET,7.1333,40.7,54.77,88,100,9.98,light rain
431,Pangnirtung,CA,66.1451,-65.7125,45.37,78,78,2.21,broken clouds
432,Viedma,AR,-40.8135,-62.9967,47.5,63,100,6.98,overcast clouds
433,Forbes,AU,-33.3833,148.0167,54.91,62,25,12.06,scattered clouds
434,Bandarbeyla,SO,9.4942,50.8122,78.98,61,58,29.44,broken clouds
435,Doba,TD,8.65,16.85,71.6,95,99,3.13,light rain
436,Mayskiy,RU,47.6931,40.1025,76.41,37,98,11.45,overcast clouds
437,Kuusamo,FI,65.9667,29.1833,55.44,100,75,6.91,shower rain
438,Goderich,CA,43.7501,-81.7165,61.12,72,0,8.05,clear sky
439,Kushiro,JP,42.975,144.3747,63.55,100,75,9.22,fog
440,Port Hedland,AU,-20.3167,118.5667,69.85,19,0,14.97,clear sky
441,Pathein,MM,16.7833,94.7333,77.86,92,100,7.18,overcast clouds
442,Irtyshskiy,RU,58.3333,68.1333,71.13,65,12,3.94,few clouds
443,Khuzdar,PK,27.7384,66.6434,78.26,69,90,6.42,heavy intensity rain
444,Caala,AO,-12.8525,15.5606,52.83,41,17,2.93,few clouds
445,Babu,CN,24.4167,111.5167,87.46,70,8,3.42,clear sky
446,Laguna,US,38.421,-121.4238,95.76,34,0,9.22,clear sky
447,Fonte Boa,BR,-2.4959,-66.2662,73.35,98,100,1.5,light rain
448,Iqaluit,CA,63.7506,-68.5145,38.93,86,20,8.05,few clouds
449,Hamilton,US,39.1834,-84.5333,79.65,74,0,10.36,clear sky
450,Faya,SA,18.3851,42.4509,64.51,33,100,10.4,overcast clouds
451,Santa Vitoria Do Palmar,BR,-33.5189,-53.3681,61.81,92,79,16.51,broken clouds
452,Miyako,JP,39.6367,141.9525,77.32,72,98,5.01,overcast clouds
453,Dores Do Indaia,BR,-19.4633,-45.6017,60.13,60,4,2.26,clear sky
454,Atar,MR,20.5169,-13.0499,90.99,31,0,10.92,clear sky
455,Fare,PF,-16.7,-151.0167,78.08,73,78,20.29,broken clouds
456,Mazyr,BY,52.0495,29.2456,56.01,95,92,5.84,overcast clouds
457,Vila Franca Do Campo,PT,37.7167,-25.4333,68.2,85,10,5.99,clear sky
458,Lasa,IT,46.6166,10.7002,65.28,91,59,6.49,broken clouds
459,Kihei,US,20.785,-156.4656,87.82,67,20,24.16,few clouds
460,Ishigaki,JP,24.3448,124.1572,87.93,79,40,10.36,scattered clouds
461,Mount Isa,AU,-20.7333,139.5,62.37,31,0,11.5,clear sky
462,Aklavik,CA,68.2191,-135.0107,67.46,50,13,15.68,few clouds
463,Marzuq,YE,14.4,46.4667,74.97,41,100,3.42,overcast clouds
464,Oktyabrskiy,RU,54.4815,53.471,67.15,79,29,1.88,scattered clouds
465,Pombas,CV,17.1503,-25.0201,73.18,79,75,9.33,broken clouds
466,Green River,US,41.5286,-109.4662,87.98,21,91,5.99,overcast clouds
467,Nouadhibou,MR,20.931,-17.0347,67.98,94,75,9.22,broken clouds
468,Mach,PK,29.8637,67.3298,82.13,59,95,1.81,overcast clouds
469,Xichang,CN,27.8964,102.2634,74.88,76,32,2.62,scattered clouds
470,Palu,ID,-0.8917,119.8707,80.73,82,100,4.09,overcast clouds
471,Changji,CN,44.0167,87.3167,74.19,46,0,4.47,clear sky
472,Jaciara,BR,-15.9653,-54.9683,72.63,48,0,3.51,clear sky
473,Koundara,GN,12.4833,-13.3,74.01,96,52,4.5,moderate rain
474,Niesky,DE,51.2924,14.8211,55.65,96,96,9.82,overcast clouds
475,Rio Verde De Mato Grosso,BR,-18.9181,-54.8442,74.48,42,4,3.02,clear sky
476,Uyemskiy,RU,64.4743,40.8524,55.06,87,20,4.47,few clouds
477,Manggar,ID,-2.8833,108.2667,84.13,68,81,10.67,broken clouds
478,Alakurtti,RU,66.9672,30.3491,52.92,96,100,7.67,light rain
479,Nyurba,RU,63.2842,118.3319,57.67,86,100,3.15,light rain
480,Diu,IN,20.7141,70.9822,81.46,81,100,17.11,overcast clouds
481,Arman,RU,59.7,150.1667,86.02,77,34,6.69,scattered clouds
482,Sibolga,ID,1.7427,98.7792,80.76,72,100,0.72,overcast clouds
483,Kutum,SD,14.2,24.6667,78.21,43,83,5.28,broken clouds
484,Rach Gia,VN,10.0167,105.0833,79.99,81,100,25.88,overcast clouds
485,Eureka,US,40.8021,-124.1637,69.13,76,15,7.0,few clouds
486,Hambantota,LK,6.1241,81.1185,80.94,78,40,6.91,scattered clouds
487,Yulara,AU,-25.2406,130.9889,55.53,36,0,10.47,clear sky
488,Aleksandrov Gay,RU,50.147,48.5704,74.07,50,12,7.49,few clouds
489,Alghero,IT,40.5589,8.3181,64.49,88,0,2.3,clear sky
490,Galesong,ID,-5.3166,119.3661,78.82,81,77,1.54,broken clouds
491,Paso De Carrasco,UY,-34.8603,-56.0522,64.54,77,0,14.97,clear sky
492,Kijang,KR,35.2442,129.2139,85.73,81,69,10.58,broken clouds
493,Ilongero,TZ,-4.6667,34.8667,53.28,72,0,11.77,clear sky
494,Quelimane,MZ,-17.8786,36.8883,66.15,88,0,2.3,clear sky
495,Chernaya Kholunitsa,RU,58.8511,51.7154,62.38,92,88,2.46,overcast clouds
496,Yerraguntla,IN,14.6372,78.5395,78.73,74,96,17.69,overcast clouds
497,Nemuro,JP,43.3236,145.575,58.51,99,100,15.88,overcast clouds
498,Dongli,CN,23.5656,116.8194,87.78,74,20,2.24,few clouds
499,Marystown,CA,47.1666,-55.1483,55.85,100,17,11.56,few clouds
500,Marrakesh,MA,31.6315,-8.0083,89.67,19,83,3.44,broken clouds
501,Teahupoo,PF,-17.8333,-149.2667,76.96,71,89,17.27,overcast clouds
502,Baker City,US,44.7749,-117.8344,78.51,41,0,14.97,clear sky
503,Keokuk,US,40.3973,-91.3849,79.25,78,20,4.61,few clouds
504,Vao,NC,-22.6667,167.4833,76.44,75,95,19.6,overcast clouds
505,Kurilsk,RU,45.2333,147.8833,64.47,58,96,11.86,overcast clouds
506,Kandrian,PG,-6.2167,149.55,86.09,66,45,10.02,scattered clouds
507,Batagay,RU,67.6333,134.6333,62.49,53,100,4.94,overcast clouds
508,Rurrenabaque,BO,-14.4413,-67.5278,74.88,72,65,1.74,broken clouds
509,Porirua,NZ,-41.1333,174.85,50.85,71,100,14.58,overcast clouds
510,Pisco,PE,-13.7,-76.2167,61.02,88,20,11.5,mist
511,Hami,CN,42.8,93.45,89.83,12,50,5.57,scattered clouds
512,Liverpool,GB,53.4106,-2.9779,60.75,90,40,9.22,scattered clouds
513,Dingle,PH,10.9995,122.6711,83.48,78,68,13.22,broken clouds
514,Saint Anthony,US,45.0205,-93.218,80.92,58,75,9.22,broken clouds
515,Moindou,NC,-21.6924,165.677,81.73,62,99,13.4,overcast clouds
516,Troitsko-Pechorsk,RU,62.7084,56.1964,65.95,58,16,2.62,few clouds
517,Yangambi,CD,0.8102,24.4336,72.81,80,96,0.81,overcast clouds
518,Luque,ES,37.558,-4.2797,71.67,40,0,3.2,clear sky
519,Pemba,MZ,-12.974,40.5178,71.78,76,1,10.63,light rain
520,Sinnamary,GF,5.3833,-52.95,77.49,88,100,7.61,overcast clouds
521,Inirida,CO,3.8653,-67.9239,73.17,98,100,2.24,moderate rain
522,Saquarema,BR,-22.92,-42.5103,67.17,90,5,11.16,clear sky
523,Sisimiut,GL,66.9395,-53.6735,40.1,89,100,5.82,overcast clouds
524,Eganville,CA,45.5334,-77.0994,65.52,60,73,3.8,broken clouds
525,Jian,CN,27.1172,114.9793,89.51,68,11,10.13,few clouds
526,Honiara,SB,-9.4333,159.95,87.13,62,17,7.27,few clouds
527,Robertsport,LR,6.7533,-11.3686,76.42,88,96,8.79,moderate rain
528,Kokstad,ZA,-30.5472,29.4241,44.37,37,0,4.85,clear sky
529,Zunyi,CN,27.6867,106.9072,77.77,76,83,9.62,broken clouds
530,Cabedelo,BR,-6.9811,-34.8339,74.07,85,25,14.88,scattered clouds
531,Bucosnita,RO,45.3,22.2667,56.89,75,23,0.6,few clouds
532,Emerald,AU,-23.5333,148.1667,59.34,48,0,13.06,clear sky
533,Luebo,CD,-5.35,21.4167,66.4,48,12,1.7,few clouds
534,Sorland,NO,67.667,12.6934,51.66,83,0,4.94,clear sky
535,Konstantinovka,RU,49.6167,127.9833,73.35,57,49,14.14,scattered clouds
536,Ekhabi,RU,53.5102,142.9671,76.01,61,1,15.1,clear sky
537,Indramayu,ID,-6.3264,108.32,80.28,69,96,7.16,overcast clouds
538,Camacha,PT,33.0833,-16.3333,63.82,88,75,18.41,broken clouds
539,Srednekolymsk,RU,67.45,153.6833,61.47,39,63,4.85,broken clouds
540,Silveira,PT,39.1112,-9.3643,80.38,91,0,1.99,clear sky
541,Okhotsk,RU,59.3833,143.3,66.99,65,100,9.91,overcast clouds
542,Abu Samrah,SY,35.3029,37.1841,70.97,68,0,14.67,clear sky
543,Benoy,TD,8.9833,16.3199,72.07,94,100,5.14,light rain
544,Oussouye,SN,12.485,-16.5469,80.78,84,100,6.49,overcast clouds
545,Horta,PT,38.5333,-28.6333,67.01,77,57,9.69,broken clouds
546,Willmar,US,45.1219,-95.0433,80.62,72,0,5.75,clear sky
547,Uribia,CO,11.7139,-72.266,82.85,70,100,16.69,overcast clouds
548,Kidal,ML,18.4411,1.4078,88.16,28,65,10.94,broken clouds
549,Donja Dubica,BA,45.075,18.4114,63.27,70,100,6.33,overcast clouds
550,Bambanglipuro,ID,-7.95,110.2833,80.35,72,19,13.31,few clouds
551,Moose Factory,CA,51.2585,-80.6094,64.4,68,0,3.44,clear sky
552,Antu,IN,26.05,81.9167,91.42,51,0,12.91,clear sky
553,North Platte,US,41.1239,-100.7654,91.11,56,0,15.01,clear sky
554,Monroe,US,43.1501,-77.6831,63.91,71,4,3.27,clear sky
555,Noshiro,JP,40.2039,140.0242,76.03,66,100,1.39,overcast clouds
556,Mumbwa,ZM,-14.9783,27.0619,54.79,72,1,6.85,clear sky
557,Kieta,PG,-6.2167,155.6333,84.56,65,46,8.66,scattered clouds
558,Waingapu,ID,-9.6567,120.2641,82.51,68,100,16.28,overcast clouds
559,Prince Rupert,CA,54.3161,-130.3201,59.09,83,100,18.41,overcast clouds
560,Livingston,GB,55.9029,-3.5226,58.86,88,0,5.75,clear sky
561,Taltal,CL,-25.4,-70.4833,58.62,74,65,1.72,broken clouds
562,Saint-Pierre,RE,-21.3393,55.4781,66.9,72,20,12.66,few clouds
563,Yerbogachen,RU,61.2767,108.0108,68.5,43,4,4.03,clear sky
564,Fort Nelson,CA,58.8053,-122.7002,60.39,82,75,11.5,light intensity shower rain
565,Rio Gallegos,AR,-51.6226,-69.2181,19.45,86,20,12.66,few clouds
566,Kruisfontein,ZA,-34.0033,24.7314,57.88,88,48,5.53,scattered clouds
567,Acapulco,MX,16.8634,-99.8901,81.39,84,91,9.93,overcast clouds
568,Pemangkat,ID,1.1667,108.9667,82.9,68,24,5.5,few clouds
569,Iracoubo,GF,5.4802,-53.2011,76.75,90,100,7.29,overcast clouds
570,Naze,JP,28.3667,129.4833,88.72,79,4,8.37,clear sky
571,Ayan,RU,56.45,138.1667,60.57,86,99,11.65,overcast clouds
572,Nieuw Amsterdam,SR,5.8833,-55.0833,77.16,92,100,5.01,overcast clouds
573,Cavalcante,BR,-13.7975,-47.4583,65.84,44,0,6.17,clear sky
574,Westport,US,41.1415,-73.3579,74.97,57,0,3.44,clear sky
575,Rafai,CF,4.95,23.9167,67.05,98,91,2.59,overcast clouds
576,Parkes,AU,-33.1333,148.1833,53.35,64,18,11.25,few clouds
577,Heerenveen,NL,52.95,5.9333,59.97,80,34,9.24,scattered clouds
578,Santa Fe,AR,-31.6333,-60.7,75.0,68,0,11.01,light rain
579,Yantongshan,CN,43.2919,126.0094,78.89,68,98,7.83,overcast clouds
580,Grootfontein,NA,-19.5667,18.1167,47.77,57,0,2.3,clear sky
581,Richards Bay,ZA,-28.783,32.0377,65.82,66,0,15.75,clear sky
582,Tatarsk,RU,55.219,75.9828,69.66,71,15,8.12,few clouds
583,Kondagaon,IN,19.6,81.6667,73.9,88,100,1.16,overcast clouds
584,Raudeberg,NO,61.9875,5.1352,47.07,81,100,8.93,overcast clouds
585,Noumea,NC,-22.2763,166.4572,84.18,99,89,1.03,overcast clouds
586,Chapais,CA,49.7834,-74.8492,60.58,57,7,4.38,clear sky
587,Surt,LY,31.2089,16.5887,77.94,63,1,9.55,clear sky
588,Pitogo,PH,13.7847,122.0881,84.79,73,98,3.49,overcast clouds
589,Verkh-Chebula,RU,56.0308,87.6218,68.83,69,27,2.46,scattered clouds
590,Sudbury,CA,46.49,-80.99,67.17,69,43,7.7,scattered clouds
591,Kaputa,ZM,-8.4689,29.6619,62.01,65,3,1.25,clear sky
592,Sirsi,IN,14.6167,74.85,69.48,95,100,10.49,light rain
593,Kirakira,SB,-10.4544,161.9205,83.89,72,22,6.69,few clouds
594,Saryg-Sep,RU,51.5,95.6,70.79,39,6,1.86,clear sky
595,Cayon,KN,17.35,-62.7333,80.13,89,75,12.66,broken clouds
596,Popondetta,PG,-8.7537,148.2534,75.6,92,100,1.74,overcast clouds
597,Marshall,US,34.3834,-86.3333,76.08,91,100,5.01,moderate rain
598,Acari,PE,-15.4311,-74.6158,65.71,72,94,3.2,overcast clouds
599,Toccoa,US,34.5773,-83.3324,82.04,84,40,0.0,scattered clouds
600,Kawalu,ID,-7.3817,108.2082,73.6,89,100,2.28,overcast clouds
601,Porto Novo,BJ,6.4965,2.6036,78.62,95,100,3.53,light rain
602,Morros,BR,-9.4467,-46.3003,70.2,34,0,6.82,clear sky
603,Bilibino,RU,68.0546,166.4372,39.7,92,100,5.14,overcast clouds
604,Broken Arrow,US,36.0526,-95.7908,91.0,46,0,12.66,clear sky
605,Ayorou,NE,14.7308,0.9174,87.82,49,98,18.05,overcast clouds
606,Ust-Shonosha,RU,61.1531,41.343,58.66,79,99,3.67,overcast clouds
607,Amanganj,IN,24.4333,80.0333,86.54,64,100,6.93,overcast clouds
608,Bulawayo,ZW,-20.15,28.5833,47.41,71,0,4.79,clear sky
609,Chara,RU,56.9064,118.2631,53.17,95,100,3.29,moderate rain
610,Vysokogornyy,RU,50.1167,139.15,68.95,75,96,2.59,overcast clouds
611,Beyneu,KZ,45.3167,55.2,80.13,27,0,3.6,clear sky
612,Namibe,AO,-15.1961,12.1522,62.17,83,0,4.47,clear sky
613,Chagoda,RU,59.164,35.3285,57.18,87,97,4.25,overcast clouds
614,Falkenberg,SE,56.9055,12.4912,59.95,91,8,9.15,clear sky
615,Filingue,NE,14.3521,3.3168,87.4,55,76,15.75,light rain
616,Barsovo,RU,61.1667,73.1667,71.02,72,19,9.31,few clouds
617,Talara,PE,-4.5772,-81.2719,64.04,88,100,18.59,overcast clouds
618,Lokosovo,RU,61.1333,74.8167,69.87,66,38,8.39,scattered clouds
619,Fort Saint James,CA,54.4333,-124.25,65.98,45,91,10.38,overcast clouds
620,Ko Samui,TH,9.5357,99.9357,84.11,74,20,6.91,few clouds
621,Kempsey,AU,-31.0833,152.8333,61.92,49,0,4.79,clear sky
622,Maldonado,UY,-34.6667,-54.9167,66.22,86,69,17.05,broken clouds
623,Bagdarin,RU,54.4333,113.6,59.29,76,100,7.31,light rain
624,Damghan,IR,36.1683,54.348,75.4,40,0,1.72,clear sky
625,Jatiroto,ID,-7.8833,111.1167,78.31,72,10,5.1,clear sky
626,Guarapari,BR,-20.6667,-40.4975,65.89,87,0,6.04,clear sky
627,Baoqing,CN,46.3317,132.2111,79.03,58,85,3.8,overcast clouds
628,Inverell,AU,-29.7833,151.1167,57.11,50,0,4.0,clear sky
629,Meiktila,MM,20.8667,95.8667,82.96,66,15,12.75,few clouds
630,Rock Springs,US,41.5875,-109.2029,87.04,20,0,20.71,clear sky
631,Waitati,NZ,-45.75,170.5667,49.8,43,7,1.3,clear sky
632,Lagoa,PT,39.05,-27.9833,67.55,70,96,9.08,overcast clouds
633,Niteroi,BR,-22.8833,-43.1036,71.22,88,40,5.75,scattered clouds
634,North Bend,US,43.4065,-124.2243,67.91,85,20,12.66,few clouds
635,Dera Ghazi Khan,PK,30.0561,70.6348,91.99,55,100,3.96,overcast clouds
636,Iskateley,RU,67.6803,53.1512,55.22,76,83,4.85,broken clouds
637,Abha,SA,18.2164,42.5053,64.22,59,40,4.61,scattered clouds
638,Ubrique,ES,36.6778,-5.446,75.87,39,0,5.08,clear sky
639,Kurumkan,RU,54.3,110.3,64.13,63,100,1.52,light rain
640,Erzincan,TR,39.75,39.5,58.3,82,0,0.0,clear sky
641,Harwich,GB,51.9419,1.2844,59.0,87,0,1.99,clear sky
642,Valparaiso,CL,-33.0393,-71.6273,53.47,88,100,6.91,moderate rain
643,Kahta,TR,37.7855,38.6237,74.57,58,0,2.55,clear sky
644,Pafos,CY,34.7667,32.4167,73.18,73,0,6.91,clear sky
645,Butembo,CD,0.15,29.2833,58.46,77,46,3.22,scattered clouds
646,Lagunas,PE,-5.2269,-75.6753,71.8,99,98,3.04,overcast clouds
647,Ashqelon,IL,31.6693,34.5715,75.09,77,2,4.68,clear sky
648,Tessalit,ML,20.1986,1.0114,90.41,11,63,6.98,broken clouds
649,Vadu Moldovei,RO,47.3833,26.3667,65.35,67,79,5.79,broken clouds
650,Ust-Omchug,RU,61.15,149.6333,82.31,32,63,3.49,broken clouds
651,Gao,ML,16.6362,1.637,87.26,42,46,13.62,scattered clouds
652,Anchorage,US,61.2181,-149.9003,72.64,55,75,13.8,broken clouds
653,Miles City,US,46.4083,-105.8406,90.57,37,0,14.97,clear sky
654,Derzhavinsk,KZ,51.1,66.3167,67.98,64,73,10.07,broken clouds
655,Piacabucu,BR,-10.4056,-36.4344,73.89,85,50,14.45,scattered clouds
656,Iglesias,IT,39.3114,8.535,69.78,67,0,1.97,clear sky
657,Nabire,ID,-3.3667,135.4833,83.43,72,97,3.51,overcast clouds
658,Mormugao,IN,15.4,73.8,79.86,83,100,12.66,drizzle
659,Omsukchan,RU,62.5333,155.8,68.52,47,38,5.28,scattered clouds
660,Orhangazi,TR,40.4892,29.3089,69.51,88,23,2.15,few clouds
661,Terrenate,MX,19.4833,-97.9167,51.33,93,19,8.97,few clouds
662,Lawrenceburg,US,38.0373,-84.8966,73.29,91,0,0.0,clear sky
663,Shangzhi,CN,45.2167,127.9667,80.08,53,8,5.14,clear sky
664,Melbourne,US,28.0836,-80.6081,85.98,80,20,9.22,few clouds
665,Cockburn Town,TC,21.4612,-71.1419,81.64,83,100,21.0,overcast clouds
666,Mae Sot,TH,16.7167,98.5667,80.42,100,75,1.14,broken clouds
667,Tabuk,PH,17.4189,121.4443,84.88,72,100,5.37,overcast clouds
668,Swan Hill,AU,-35.3378,143.5544,56.34,53,0,9.01,clear sky
669,Nacala,MZ,-14.5428,40.6728,64.96,95,19,5.99,few clouds
670,Oksfjord,NO,70.2396,22.3479,53.67,81,18,2.26,few clouds
671,Ternate,ID,0.8,127.4,83.73,71,100,3.58,moderate rain
672,Craig,US,40.5153,-107.5464,91.02,17,0,11.5,clear sky
673,Lithgow,AU,-33.4833,150.15,43.25,96,100,9.1,light rain
674,Ucluelet,CA,48.9329,-125.5528,67.08,80,100,1.01,overcast clouds
675,Portales,US,34.1862,-103.3344,93.88,30,8,8.79,clear sky
676,Borogontsy,RU,62.6683,131.1683,64.71,61,100,7.05,overcast clouds
677,Onda,ES,39.9667,-0.25,73.9,56,0,2.77,clear sky
678,Strezhevoy,RU,60.7333,77.5889,72.32,58,46,9.95,scattered clouds
679,Green Valley,US,31.8543,-110.9937,94.59,50,89,16.06,overcast clouds
680,Aykhal,RU,66.0,111.5,66.31,44,41,11.54,scattered clouds
681,Coruripe,BR,-10.1256,-36.1756,73.71,85,45,15.21,scattered clouds
682,Kongoussi,BF,13.3258,-1.5347,81.41,62,64,12.95,light rain
683,Furano,JP,43.2818,142.4743,67.5,98,100,2.71,moderate rain
684,Tomatlan,MX,19.9333,-105.25,79.45,83,100,2.77,overcast clouds
685,Dengfeng,CN,34.4553,113.0281,78.4,86,99,8.03,overcast clouds
686,Khasan,RU,42.4308,130.6434,66.58,94,100,4.65,overcast clouds
687,Lubango,AO,-14.9172,13.4925,55.27,46,0,3.09,clear sky
688,Santiago,CL,-33.4569,-70.6483,48.85,85,100,9.22,overcast clouds
689,Kalugumalai,IN,9.15,77.7167,81.88,59,100,14.14,overcast clouds
690,Saint-Augustin,CA,51.226,-58.6502,53.13,84,100,12.64,overcast clouds
691,Rouvroy,FR,50.3925,2.904,56.35,78,1,5.46,clear sky
692,Karratha,AU,-20.7377,116.8463,70.48,17,0,12.91,clear sky
693,Monrovia,LR,6.3005,-10.7969,75.97,86,100,11.41,moderate rain
694,Uyo,NG,5.0333,7.9266,72.43,97,100,2.86,moderate rain
695,Mount Darwin,ZW,-16.7725,31.5838,50.47,82,6,3.02,clear sky
696,Padre Bernardo,BR,-15.35,-48.5,63.81,53,0,3.49,clear sky
697,Yatou,CN,37.15,122.3833,84.79,59,6,8.14,clear sky
698,San Cristobal,VE,7.7669,-72.225,77.18,98,100,3.89,overcast clouds
699,Orodara,BF,10.9492,-4.9342,69.8,95,99,7.78,overcast clouds
700,Huilong,CN,31.8111,121.655,86.52,73,89,8.79,overcast clouds
701,Anshun,CN,26.25,105.9333,72.05,84,85,13.13,overcast clouds
702,Charters Towers,AU,-20.1,146.2667,63.59,42,0,11.43,clear sky
703,Korla,CN,41.7597,86.1469,85.46,11,68,7.49,broken clouds
704,Panlaitan,PH,12.1191,119.8486,81.3,82,100,10.2,overcast clouds
705,Northam,GB,51.0333,-4.2167,58.39,91,0,5.73,clear sky
706,Balakhta,RU,55.38,91.6,68.72,63,24,4.21,few clouds
707,Barra Do Garcas,BR,-15.89,-52.2567,70.81,45,0,1.19,clear sky
708,Oswego,US,43.4501,-76.1497,64.58,42,1,4.36,clear sky
709,Colares,PT,38.7992,-9.4469,77.99,79,0,10.51,clear sky
